epoch,step,min,max,mean,std
1,10000,-0.005738144274801016,0.009543215855956078,-0.00013784489419776946,0.002044892404228449
