epoch,step,min,max,mean,std
1,10000,-0.020308837294578552,0.016832970082759857,-9.29500018620466e-11,0.002700062468647957
