epoch,step,min,max,mean,std
1,10000,-0.0605793260037899,0.05807594954967499,0.00017128871695604175,0.0061095417477190495
