epoch,step,min,max,mean,std
1,10000,-0.01897936873137951,0.005031214095652103,-0.0005252117407508194,0.002850273856893182
