epoch,step,min,max,mean,std
1,10000,-0.06935668736696243,0.6725789308547974,-7.290196224474244e-12,0.006829359568655491
