epoch,step,min,max,mean,std
1,10000,-0.08196698129177094,0.15513339638710022,0.0008693605195730925,0.016770007088780403
