epoch,step,min,max,mean,std
1,10000,-0.008945930749177933,0.013747500255703926,-7.74429936427623e-05,0.002603599801659584
