epoch,step,min,max,mean,std
1,10000,-0.017186909914016724,0.02316434122622013,0.00011094713408965617,0.003237576689571142
