epoch,step,min,max,mean,std
1,10000,-0.32380378246307373,0.352738618850708,-0.0002787719131447375,0.025310851633548737
