epoch,step,min,max,mean,std
1,10000,-0.3439868092536926,0.24183131754398346,-0.002163974568247795,0.035311244428157806
