epoch,step,min,max,mean,std
1,10000,-0.09297460317611694,0.12222809344530106,8.748235469369092e-11,0.002646821551024914
