epoch,step,min,max,mean,std
1,10000,-0.018745889887213707,0.015964781865477562,2.5515686785659852e-11,0.002541500376537442
